code,name,single_name,simple_name,identity,is_metropolitan,capital_code,capital_name,region_code,region_name,region_identity
01D,Conseil départemental de L'Ain,Conseil départemental de L'Ain,CONSEIL DEPARTEMENTAL DE L AIN,01D – Conseil départemental de L'Ain,true,01053,Bourg-en-Bresse,84,Auvergne-Rhône-Alpes,84 – Auvergne-Rhône-Alpes
02D,Conseil départemental de L'Aisne,Conseil départemental de L'Aisne,CONSEIL DEPARTEMENTAL DE L AISNE,02D – Conseil départemental de L'Aisne,true,02408,Laon,32,Hauts-de-France,32 – Hauts-de-France
03D,Conseil départemental de L'Allier,Conseil départemental de L'Allier,CONSEIL DEPARTEMENTAL DE L ALLIER,03D – Conseil départemental de L'Allier,true,03190,Moulins,84,Auvergne-Rhône-Alpes,84 – Auvergne-Rhône-Alpes
04D,Conseil départemental des Alpes-de-Haute-Provence,Conseil départemental des Alpes-de-Haute-Provence,CONSEIL DEPARTEMENTAL DES ALPES DE HAUTE PROVENCE,04D – Conseil départemental des Alpes-de-Haute-Provence,true,04070,Digne-les-Bains,93,Provence-Alpes-Côte d'Azur,93 – Provence-Alpes-Côte d'Azur
05D,Conseil départemental des Hautes-Alpes,Conseil départemental des Hautes-Alpes,CONSEIL DEPARTEMENTAL DES HAUTES ALPES,05D – Conseil départemental des Hautes-Alpes,true,05061,Gap,93,Provence-Alpes-Côte d'Azur,93 – Provence-Alpes-Côte d'Azur
06D,Conseil départemental des Alpes-Maritimes,Conseil départemental des Alpes-Maritimes,CONSEIL DEPARTEMENTAL DES ALPES MARITIMES,06D – Conseil départemental des Alpes-Maritimes,true,06088,Nice,93,Provence-Alpes-Côte d'Azur,93 – Provence-Alpes-Côte d'Azur
07D,Conseil départemental de L'Ardèche,Conseil départemental de L'Ardèche,CONSEIL DEPARTEMENTAL DE L ARDECHE,07D – Conseil départemental de L'Ardèche,true,07186,Privas,84,Auvergne-Rhône-Alpes,84 – Auvergne-Rhône-Alpes
08D,Conseil départemental des Ardennes,Conseil départemental des Ardennes,CONSEIL DEPARTEMENTAL DES ARDENNES,08D – Conseil départemental des Ardennes,true,08105,Charleville-Mézières,44,Grand Est,44 – Grand Est
09D,Conseil départemental de L'Ariège,Conseil départemental de L'Ariège,CONSEIL DEPARTEMENTAL DE L ARIEGE,09D – Conseil départemental de L'Ariège,true,09122,Foix,76,Occitanie,76 – Occitanie
10D,Conseil départemental de L'Aube,Conseil départemental de L'Aube,CONSEIL DEPARTEMENTAL DE L AUBE,10D – Conseil départemental de L'Aube,true,10387,Troyes,44,Grand Est,44 – Grand Est
11D,Conseil départemental de L'Aude,Conseil départemental de L'Aude,CONSEIL DEPARTEMENTAL DE L AUDE,11D – Conseil départemental de L'Aude,true,11069,Carcassonne,76,Occitanie,76 – Occitanie
12D,Conseil départemental de L'Aveyron,Conseil départemental de L'Aveyron,CONSEIL DEPARTEMENTAL DE L AVEYRON,12D – Conseil départemental de L'Aveyron,true,12202,Rodez,76,Occitanie,76 – Occitanie
13D,Conseil départemental des Bouches-du-Rhône,Conseil départemental des Bouches-du-Rhône,CONSEIL DEPARTEMENTAL DES BOUCHES DU RHONE,13D – Conseil départemental des Bouches-du-Rhône,true,13055,Marseille,93,Provence-Alpes-Côte d'Azur,93 – Provence-Alpes-Côte d'Azur
14D,Conseil départemental du Calvados,Conseil départemental du Calvados,CONSEIL DEPARTEMENTAL DU CALVADOS,14D – Conseil départemental du Calvados,true,14118,Caen,28,Normandie,28 – Normandie
15D,Conseil départemental du Cantal,Conseil départemental du Cantal,CONSEIL DEPARTEMENTAL DU CANTAL,15D – Conseil départemental du Cantal,true,15014,Aurillac,84,Auvergne-Rhône-Alpes,84 – Auvergne-Rhône-Alpes
16D,Conseil départemental de La Charente,Conseil départemental de La Charente,CONSEIL DEPARTEMENTAL DE LA CHARENTE,16D – Conseil départemental de La Charente,true,16015,Angoulême,75,Nouvelle-Aquitaine,75 – Nouvelle-Aquitaine
17D,Conseil départemental de La Charente-Maritime,Conseil départemental de La Charente-Maritime,CONSEIL DEPARTEMENTAL DE LA CHARENTE MARITIME,17D – Conseil départemental de La Charente-Maritime,true,17300,La Rochelle,75,Nouvelle-Aquitaine,75 – Nouvelle-Aquitaine
18D,Conseil départemental du Cher,Conseil départemental du Cher,CONSEIL DEPARTEMENTAL DU CHER,18D – Conseil départemental du Cher,true,18033,Bourges,24,Centre-Val de Loire,24 – Centre-Val de Loire
19D,Conseil départemental de La Corrèze,Conseil départemental de La Corrèze,CONSEIL DEPARTEMENTAL DE LA CORREZE,19D – Conseil départemental de La Corrèze,true,19272,Tulle,75,Nouvelle-Aquitaine,75 – Nouvelle-Aquitaine
20R,Collectivité de Corse,Collectivité de Corse,COLLECTIVITE DE CORSE,20R – Collectivité de Corse,true,2A004,Ajaccio,94,Corse,94 – Corse
21D,Conseil départemental de La Côte-d'Or,Conseil départemental de La Côte-d'Or,CONSEIL DEPARTEMENTAL DE LA COTE D OR,21D – Conseil départemental de La Côte-d'Or,true,21231,Dijon,27,Bourgogne-Franche-Comté,27 – Bourgogne-Franche-Comté
22D,Conseil départemental des Côtes-d'Armor,Conseil départemental des Côtes-d'Armor,CONSEIL DEPARTEMENTAL DES COTES D ARMOR,22D – Conseil départemental des Côtes-d'Armor,true,22278,Saint-Brieuc,53,Bretagne,53 – Bretagne
23D,Conseil départemental de La Creuse,Conseil départemental de La Creuse,CONSEIL DEPARTEMENTAL DE LA CREUSE,23D – Conseil départemental de La Creuse,true,23096,Guéret,75,Nouvelle-Aquitaine,75 – Nouvelle-Aquitaine
24D,Conseil départemental de La Dordogne,Conseil départemental de La Dordogne,CONSEIL DEPARTEMENTAL DE LA DORDOGNE,24D – Conseil départemental de La Dordogne,true,24322,Périgueux,75,Nouvelle-Aquitaine,75 – Nouvelle-Aquitaine
25D,Conseil départemental du Doubs,Conseil départemental du Doubs,CONSEIL DEPARTEMENTAL DU DOUBS,25D – Conseil départemental du Doubs,true,25056,Besançon,27,Bourgogne-Franche-Comté,27 – Bourgogne-Franche-Comté
26D,Conseil départemental de La Drôme,Conseil départemental de La Drôme,CONSEIL DEPARTEMENTAL DE LA DROME,26D – Conseil départemental de La Drôme,true,26362,Valence,84,Auvergne-Rhône-Alpes,84 – Auvergne-Rhône-Alpes
27D,Conseil départemental de L'Eure,Conseil départemental de L'Eure,CONSEIL DEPARTEMENTAL DE L EURE,27D – Conseil départemental de L'Eure,true,27229,Évreux,28,Normandie,28 – Normandie
28D,Conseil départemental d'Eure-et-Loir,Conseil départemental d'Eure-et-Loir,CONSEIL DEPARTEMENTAL D EURE ET LOIR,28D – Conseil départemental d'Eure-et-Loir,true,28085,Chartres,24,Centre-Val de Loire,24 – Centre-Val de Loire
29D,Conseil départemental du Finistère,Conseil départemental du Finistère,CONSEIL DEPARTEMENTAL DU FINISTERE,29D – Conseil départemental du Finistère,true,29232,Quimper,53,Bretagne,53 – Bretagne
30D,Conseil départemental du Gard,Conseil départemental du Gard,CONSEIL DEPARTEMENTAL DU GARD,30D – Conseil départemental du Gard,true,30189,Nîmes,76,Occitanie,76 – Occitanie
31D,Conseil départemental de La Haute-Garonne,Conseil départemental de La Haute-Garonne,CONSEIL DEPARTEMENTAL DE LA HAUTE GARONNE,31D – Conseil départemental de La Haute-Garonne,true,31555,Toulouse,76,Occitanie,76 – Occitanie
32D,Conseil départemental du Gers,Conseil départemental du Gers,CONSEIL DEPARTEMENTAL DU GERS,32D – Conseil départemental du Gers,true,32013,Auch,76,Occitanie,76 – Occitanie
33D,Conseil départemental de La Gironde,Conseil départemental de La Gironde,CONSEIL DEPARTEMENTAL DE LA GIRONDE,33D – Conseil départemental de La Gironde,true,33063,Bordeaux,75,Nouvelle-Aquitaine,75 – Nouvelle-Aquitaine
34D,Conseil départemental de L'Hérault,Conseil départemental de L'Hérault,CONSEIL DEPARTEMENTAL DE L HERAULT,34D – Conseil départemental de L'Hérault,true,34172,Montpellier,76,Occitanie,76 – Occitanie
35D,Conseil départemental d'Ille-et-Vilaine,Conseil départemental d'Ille-et-Vilaine,CONSEIL DEPARTEMENTAL D ILLE ET VILAINE,35D – Conseil départemental d'Ille-et-Vilaine,true,35238,Rennes,53,Bretagne,53 – Bretagne
36D,Conseil départemental de L'Indre,Conseil départemental de L'Indre,CONSEIL DEPARTEMENTAL DE L INDRE,36D – Conseil départemental de L'Indre,true,36044,Châteauroux,24,Centre-Val de Loire,24 – Centre-Val de Loire
37D,Conseil départemental d'Indre-et-Loire,Conseil départemental d'Indre-et-Loire,CONSEIL DEPARTEMENTAL D INDRE ET LOIRE,37D – Conseil départemental d'Indre-et-Loire,true,37261,Tours,24,Centre-Val de Loire,24 – Centre-Val de Loire
38D,Conseil départemental de L'Isère,Conseil départemental de L'Isère,CONSEIL DEPARTEMENTAL DE L ISERE,38D – Conseil départemental de L'Isère,true,38185,Grenoble,84,Auvergne-Rhône-Alpes,84 – Auvergne-Rhône-Alpes
39D,Conseil départemental du Jura,Conseil départemental du Jura,CONSEIL DEPARTEMENTAL DU JURA,39D – Conseil départemental du Jura,true,39300,Lons-le-Saunier,27,Bourgogne-Franche-Comté,27 – Bourgogne-Franche-Comté
40D,Conseil départemental des Landes,Conseil départemental des Landes,CONSEIL DEPARTEMENTAL DES LANDES,40D – Conseil départemental des Landes,true,40192,Mont-de-Marsan,75,Nouvelle-Aquitaine,75 – Nouvelle-Aquitaine
41D,Conseil départemental du Loir-et-Cher,Conseil départemental du Loir-et-Cher,CONSEIL DEPARTEMENTAL DU LOIR ET CHER,41D – Conseil départemental du Loir-et-Cher,true,41018,Blois,24,Centre-Val de Loire,24 – Centre-Val de Loire
42D,Conseil départemental de La Loire,Conseil départemental de La Loire,CONSEIL DEPARTEMENTAL DE LA LOIRE,42D – Conseil départemental de La Loire,true,42218,Saint-Étienne,84,Auvergne-Rhône-Alpes,84 – Auvergne-Rhône-Alpes
43D,Conseil départemental de La Haute-Loire,Conseil départemental de La Haute-Loire,CONSEIL DEPARTEMENTAL DE LA HAUTE LOIRE,43D – Conseil départemental de La Haute-Loire,true,43157,Le Puy-en-Velay,84,Auvergne-Rhône-Alpes,84 – Auvergne-Rhône-Alpes
44D,Conseil départemental de La Loire-Atlantique,Conseil départemental de La Loire-Atlantique,CONSEIL DEPARTEMENTAL DE LA LOIRE ATLANTIQUE,44D – Conseil départemental de La Loire-Atlantique,true,44109,Nantes,52,Pays de la Loire,52 – Pays de la Loire
45D,Conseil départemental du Loiret,Conseil départemental du Loiret,CONSEIL DEPARTEMENTAL DU LOIRET,45D – Conseil départemental du Loiret,true,45234,Orléans,24,Centre-Val de Loire,24 – Centre-Val de Loire
46D,Conseil départemental du Lot,Conseil départemental du Lot,CONSEIL DEPARTEMENTAL DU LOT,46D – Conseil départemental du Lot,true,46042,Cahors,76,Occitanie,76 – Occitanie
47D,Conseil départemental du Lot-et-Garonne,Conseil départemental du Lot-et-Garonne,CONSEIL DEPARTEMENTAL DU LOT ET GARONNE,47D – Conseil départemental du Lot-et-Garonne,true,47001,Agen,75,Nouvelle-Aquitaine,75 – Nouvelle-Aquitaine
48D,Conseil départemental de La Lozère,Conseil départemental de La Lozère,CONSEIL DEPARTEMENTAL DE LA LOZERE,48D – Conseil départemental de La Lozère,true,48095,Mende,76,Occitanie,76 – Occitanie
49D,Conseil départemental du Maine-et-Loire,Conseil départemental du Maine-et-Loire,CONSEIL DEPARTEMENTAL DU MAINE ET LOIRE,49D – Conseil départemental du Maine-et-Loire,true,49007,Angers,52,Pays de la Loire,52 – Pays de la Loire
50D,Conseil départemental de La Manche,Conseil départemental de La Manche,CONSEIL DEPARTEMENTAL DE LA MANCHE,50D – Conseil départemental de La Manche,true,50502,Saint-Lô,28,Normandie,28 – Normandie
51D,Conseil départemental de La Marne,Conseil départemental de La Marne,CONSEIL DEPARTEMENTAL DE LA MARNE,51D – Conseil départemental de La Marne,true,51108,Châlons-en-Champagne,44,Grand Est,44 – Grand Est
52D,Conseil départemental de La Haute-Marne,Conseil départemental de La Haute-Marne,CONSEIL DEPARTEMENTAL DE LA HAUTE MARNE,52D – Conseil départemental de La Haute-Marne,true,52121,Chaumont,44,Grand Est,44 – Grand Est
53D,Conseil départemental de La Mayenne,Conseil départemental de La Mayenne,CONSEIL DEPARTEMENTAL DE LA MAYENNE,53D – Conseil départemental de La Mayenne,true,53130,Laval,52,Pays de la Loire,52 – Pays de la Loire
54D,Conseil départemental de Meurthe-et-Moselle,Conseil départemental de Meurthe-et-Moselle,CONSEIL DEPARTEMENTAL DE MEURTHE ET MOSELLE,54D – Conseil départemental de Meurthe-et-Moselle,true,54395,Nancy,44,Grand Est,44 – Grand Est
55D,Conseil départemental de La Meuse,Conseil départemental de La Meuse,CONSEIL DEPARTEMENTAL DE LA MEUSE,55D – Conseil départemental de La Meuse,true,55029,Bar-le-Duc,44,Grand Est,44 – Grand Est
56D,Conseil départemental du Morbihan,Conseil départemental du Morbihan,CONSEIL DEPARTEMENTAL DU MORBIHAN,56D – Conseil départemental du Morbihan,true,56260,Vannes,53,Bretagne,53 – Bretagne
57D,Conseil départemental de La Moselle,Conseil départemental de La Moselle,CONSEIL DEPARTEMENTAL DE LA MOSELLE,57D – Conseil départemental de La Moselle,true,57463,Metz,44,Grand Est,44 – Grand Est
58D,Conseil départemental de La Nièvre,Conseil départemental de La Nièvre,CONSEIL DEPARTEMENTAL DE LA NIEVRE,58D – Conseil départemental de La Nièvre,true,58194,Nevers,27,Bourgogne-Franche-Comté,27 – Bourgogne-Franche-Comté
59D,Conseil départemental du Nord,Conseil départemental du Nord,CONSEIL DEPARTEMENTAL DU NORD,59D – Conseil départemental du Nord,true,59350,Lille,32,Hauts-de-France,32 – Hauts-de-France
60D,Conseil départemental de L'Oise,Conseil départemental de L'Oise,CONSEIL DEPARTEMENTAL DE L OISE,60D – Conseil départemental de L'Oise,true,60057,Beauvais,32,Hauts-de-France,32 – Hauts-de-France
61D,Conseil départemental de L'Orne,Conseil départemental de L'Orne,CONSEIL DEPARTEMENTAL DE L ORNE,61D – Conseil départemental de L'Orne,true,61001,Alençon,28,Normandie,28 – Normandie
62D,Conseil départemental du Pas-de-Calais,Conseil départemental du Pas-de-Calais,CONSEIL DEPARTEMENTAL DU PAS DE CALAIS,62D – Conseil départemental du Pas-de-Calais,true,62041,Arras,32,Hauts-de-France,32 – Hauts-de-France
63D,Conseil départemental du Puy-de-Dôme,Conseil départemental du Puy-de-Dôme,CONSEIL DEPARTEMENTAL DU PUY DE DOME,63D – Conseil départemental du Puy-de-Dôme,true,63113,Clermont-Ferrand,84,Auvergne-Rhône-Alpes,84 – Auvergne-Rhône-Alpes
64D,Conseil départemental des Pyrénées-Atlantiques,Conseil départemental des Pyrénées-Atlantiques,CONSEIL DEPARTEMENTAL DES PYRENEES ATLANTIQUES,64D – Conseil départemental des Pyrénées-Atlantiques,true,64445,Pau,75,Nouvelle-Aquitaine,75 – Nouvelle-Aquitaine
65D,Conseil départemental des Hautes-Pyrénées,Conseil départemental des Hautes-Pyrénées,CONSEIL DEPARTEMENTAL DES HAUTES PYRENEES,65D – Conseil départemental des Hautes-Pyrénées,true,65440,Tarbes,76,Occitanie,76 – Occitanie
66D,Conseil départemental des Pyrénées-Orientales,Conseil départemental des Pyrénées-Orientales,CONSEIL DEPARTEMENTAL DES PYRENEES ORIENTALES,66D – Conseil départemental des Pyrénées-Orientales,true,66136,Perpignan,76,Occitanie,76 – Occitanie
69D,Conseil départemental du Rhône,Conseil départemental du Rhône,CONSEIL DEPARTEMENTAL DU RHONE,69D – Conseil départemental du Rhône,true,69123,Lyon,84,Auvergne-Rhône-Alpes,84 – Auvergne-Rhône-Alpes
69M,Métropole de Lyon,Métropole de Lyon,METROPOLE DE LYON,69M – Métropole de Lyon,true,69123,Lyon,84,Auvergne-Rhône-Alpes,84 – Auvergne-Rhône-Alpes
6AE,Collectivité européenne d'Alsace,Collectivité européenne d'Alsace,COLLECTIVITE EUROPEENNE D ALSACE,6AE – Collectivité européenne d'Alsace,true,67482,Strasbourg,44,Grand Est,44 – Grand Est
70D,Conseil départemental de La Haute-Saône,Conseil départemental de La Haute-Saône,CONSEIL DEPARTEMENTAL DE LA HAUTE SAONE,70D – Conseil départemental de La Haute-Saône,true,70550,Vesoul,27,Bourgogne-Franche-Comté,27 – Bourgogne-Franche-Comté
71D,Conseil départemental de Saône-et-Loire,Conseil départemental de Saône-et-Loire,CONSEIL DEPARTEMENTAL DE SAONE ET LOIRE,71D – Conseil départemental de Saône-et-Loire,true,71270,Mâcon,27,Bourgogne-Franche-Comté,27 – Bourgogne-Franche-Comté
72D,Conseil départemental de La Sarthe,Conseil départemental de La Sarthe,CONSEIL DEPARTEMENTAL DE LA SARTHE,72D – Conseil départemental de La Sarthe,true,72181,Le Mans,52,Pays de la Loire,52 – Pays de la Loire
73D,Conseil départemental de La Savoie,Conseil départemental de La Savoie,CONSEIL DEPARTEMENTAL DE LA SAVOIE,73D – Conseil départemental de La Savoie,true,73065,Chambéry,84,Auvergne-Rhône-Alpes,84 – Auvergne-Rhône-Alpes
74D,Conseil départemental de La Haute-Savoie,Conseil départemental de La Haute-Savoie,CONSEIL DEPARTEMENTAL DE LA HAUTE SAVOIE,74D – Conseil départemental de La Haute-Savoie,true,74010,Annecy,84,Auvergne-Rhône-Alpes,84 – Auvergne-Rhône-Alpes
75C,Ville de Paris,Ville de Paris,VILLE DE PARIS,75C – Ville de Paris,true,75056,Paris,11,Île-de-France,11 – Île-de-France
76D,Conseil départemental de La Seine-Maritime,Conseil départemental de La Seine-Maritime,CONSEIL DEPARTEMENTAL DE LA SEINE MARITIME,76D – Conseil départemental de La Seine-Maritime,true,76540,Rouen,28,Normandie,28 – Normandie
77D,Conseil départemental de Seine-et-Marne,Conseil départemental de Seine-et-Marne,CONSEIL DEPARTEMENTAL DE SEINE ET MARNE,77D – Conseil départemental de Seine-et-Marne,true,77288,Melun,11,Île-de-France,11 – Île-de-France
78D,Conseil départemental des Yvelines,Conseil départemental des Yvelines,CONSEIL DEPARTEMENTAL DES YVELINES,78D – Conseil départemental des Yvelines,true,78646,Versailles,11,Île-de-France,11 – Île-de-France
79D,Conseil départemental des Deux-Sèvres,Conseil départemental des Deux-Sèvres,CONSEIL DEPARTEMENTAL DES DEUX SEVRES,79D – Conseil départemental des Deux-Sèvres,true,79191,Niort,75,Nouvelle-Aquitaine,75 – Nouvelle-Aquitaine
80D,Conseil départemental de La Somme,Conseil départemental de La Somme,CONSEIL DEPARTEMENTAL DE LA SOMME,80D – Conseil départemental de La Somme,true,80021,Amiens,32,Hauts-de-France,32 – Hauts-de-France
81D,Conseil départemental du Tarn,Conseil départemental du Tarn,CONSEIL DEPARTEMENTAL DU TARN,81D – Conseil départemental du Tarn,true,81004,Albi,76,Occitanie,76 – Occitanie
82D,Conseil départemental du Tarn-et-Garonne,Conseil départemental du Tarn-et-Garonne,CONSEIL DEPARTEMENTAL DU TARN ET GARONNE,82D – Conseil départemental du Tarn-et-Garonne,true,82121,Montauban,76,Occitanie,76 – Occitanie
83D,Conseil départemental du Var,Conseil départemental du Var,CONSEIL DEPARTEMENTAL DU VAR,83D – Conseil départemental du Var,true,83137,Toulon,93,Provence-Alpes-Côte d'Azur,93 – Provence-Alpes-Côte d'Azur
84D,Conseil départemental du Vaucluse,Conseil départemental du Vaucluse,CONSEIL DEPARTEMENTAL DU VAUCLUSE,84D – Conseil départemental du Vaucluse,true,84007,Avignon,93,Provence-Alpes-Côte d'Azur,93 – Provence-Alpes-Côte d'Azur
85D,Conseil départemental de La Vendée,Conseil départemental de La Vendée,CONSEIL DEPARTEMENTAL DE LA VENDEE,85D – Conseil départemental de La Vendée,true,85191,La Roche-sur-Yon,52,Pays de la Loire,52 – Pays de la Loire
86D,Conseil départemental de La Vienne,Conseil départemental de La Vienne,CONSEIL DEPARTEMENTAL DE LA VIENNE,86D – Conseil départemental de La Vienne,true,86194,Poitiers,75,Nouvelle-Aquitaine,75 – Nouvelle-Aquitaine
87D,Conseil départemental de La Haute-Vienne,Conseil départemental de La Haute-Vienne,CONSEIL DEPARTEMENTAL DE LA HAUTE VIENNE,87D – Conseil départemental de La Haute-Vienne,true,87085,Limoges,75,Nouvelle-Aquitaine,75 – Nouvelle-Aquitaine
88D,Conseil départemental des Vosges,Conseil départemental des Vosges,CONSEIL DEPARTEMENTAL DES VOSGES,88D – Conseil départemental des Vosges,true,88160,Épinal,44,Grand Est,44 – Grand Est
89D,Conseil départemental de L'Yonne,Conseil départemental de L'Yonne,CONSEIL DEPARTEMENTAL DE L YONNE,89D – Conseil départemental de L'Yonne,true,89024,Auxerre,27,Bourgogne-Franche-Comté,27 – Bourgogne-Franche-Comté
90D,Conseil départemental du Territoire de Belfort,Conseil départemental du Territoire de Belfort,CONSEIL DEPARTEMENTAL DU TERRITOIRE DE BELFORT,90D – Conseil départemental du Territoire de Belfort,true,90010,Belfort,27,Bourgogne-Franche-Comté,27 – Bourgogne-Franche-Comté
91D,Conseil départemental de L'Essonne,Conseil départemental de L'Essonne,CONSEIL DEPARTEMENTAL DE L ESSONNE,91D – Conseil départemental de L'Essonne,true,91228,Évry-Courcouronnes,11,Île-de-France,11 – Île-de-France
92D,Conseil départemental des Hauts-de-Seine,Conseil départemental des Hauts-de-Seine,CONSEIL DEPARTEMENTAL DES HAUTS DE SEINE,92D – Conseil départemental des Hauts-de-Seine,true,92050,Nanterre,11,Île-de-France,11 – Île-de-France
93D,Conseil départemental de La Seine-Saint-Denis,Conseil départemental de La Seine-Saint-Denis,CONSEIL DEPARTEMENTAL DE LA SEINE SAINT DENIS,93D – Conseil départemental de La Seine-Saint-Denis,true,93008,Bobigny,11,Île-de-France,11 – Île-de-France
94D,Conseil départemental du Val-de-Marne,Conseil départemental du Val-de-Marne,CONSEIL DEPARTEMENTAL DU VAL DE MARNE,94D – Conseil départemental du Val-de-Marne,true,94028,Créteil,11,Île-de-France,11 – Île-de-France
95D,Conseil départemental du Val-d'Oise,Conseil départemental du Val-d'Oise,CONSEIL DEPARTEMENTAL DU VAL D OISE,95D – Conseil départemental du Val-d'Oise,true,95500,Pontoise,11,Île-de-France,11 – Île-de-France
971D,Conseil départemental de La Guadeloupe,Conseil départemental de La Guadeloupe,CONSEIL DEPARTEMENTAL DE LA GUADELOUPE,971D – Conseil départemental de La Guadeloupe,false,97105,Basse-Terre,01,Guadeloupe,01 – Guadeloupe
972R,Collectivité territoriale unique de La Martinique,Collectivité territoriale unique de La Martinique,COLLECTIVITE TERRITORIALE UNIQUE DE LA MARTINIQUE,972R – Collectivité territoriale unique de La Martinique,false,97209,Fort-de-France,02,Martinique,02 – Martinique
973R,Collectivité territoriale unique de La Guyane,Collectivité territoriale unique de La Guyane,COLLECTIVITE TERRITORIALE UNIQUE DE LA GUYANE,973R – Collectivité territoriale unique de La Guyane,false,97302,Cayenne,03,Guyane,03 – Guyane
974D,Conseil départemental de La Réunion,Conseil départemental de La Réunion,CONSEIL DEPARTEMENTAL DE LA REUNION,974D – Conseil départemental de La Réunion,false,97411,Saint-Denis,04,La Réunion,04 – La Réunion
976D,Conseil départemental de Mayotte,Conseil départemental de Mayotte,CONSEIL DEPARTEMENTAL DE MAYOTTE,976D – Conseil départemental de Mayotte,false,97611,Mamoudzou,06,Mayotte,06 – Mayotte
